id,name,description,status,start_date,target_completion,created_at,updated_at
1,Test Project 1,This is a test project!,planning,,,2025-08-14 22:46:41,2025-08-14 23:38:05
2,Test Project 2,This is a test project.,planning,,,2025-08-15 13:15:10,2025-08-15 13:15:10
3,Test Project 3,Test project 3.,planning,,,2025-08-15 13:20:57,2025-08-15 13:20:57
4,Test Project 3,Test project 3.,planning,,,2025-08-15 13:23:49,2025-08-15 13:23:49
5,Test project 4.,Test Project 4,planning,,,2025-08-15 13:27:41,2025-08-15 13:27:41
6,Test Project 5,Test project 5.,planning,,,2025-08-15 13:35:21,2025-08-15 13:35:21
7,Test Project 5,Test project 5.,planning,,,2025-08-15 13:37:42,2025-08-15 13:37:42
8,Test Project 6,Test Project 6,planning,,,2025-08-15 13:38:21,2025-08-15 13:38:21
9,Test Project 8 ,Test project 8,planning,,,2025-08-15 13:39:58,2025-08-15 13:39:58
10,Test Project 8 ,Test project 8,planning,,,2025-08-15 13:42:44,2025-08-15 13:42:44
11,Test Project 10,Test Project 10.,planning,,,2025-08-15 13:47:19,2025-08-15 13:47:19
12,Test Project 12,Test project 12,planning,,,2025-08-15 14:18:08,2025-08-15 14:18:08
13,Test Project 12,"Test project 12
",planning,,,2025-08-15 14:20:36,2025-08-15 14:20:36
14,Test Project 13,Test Project 13,planning,,,2025-08-15 14:28:53,2025-08-15 14:28:53
15,Test Project 15,Test project 15,planning,,,2025-08-15 14:30:15,2025-08-15 14:30:15
16,Test Project 15,Test project 15,planning,,,2025-08-15 14:30:27,2025-08-15 14:30:27
17,Test Project 15,Test project 15,planning,,,2025-08-15 14:30:28,2025-08-15 14:30:28
18,Test Project 15,Test project 15,planning,,,2025-08-15 14:30:28,2025-08-15 14:30:28
19,Test Project 15,Test project 15,planning,,,2025-08-15 14:30:28,2025-08-15 14:30:28
20,Test Project 15,Test project 15,planning,,,2025-08-15 14:30:28,2025-08-15 14:30:28
21,Test Project 15,Test project 15,planning,,,2025-08-15 14:30:29,2025-08-15 14:30:29
22,Test Project 15,Test project 15,planning,,,2025-08-15 14:30:29,2025-08-15 14:30:29
23,Test Project 15,Test project 15,planning,,,2025-08-15 14:30:29,2025-08-15 14:30:29
24,Test Project 15,Test project 15,planning,,,2025-08-15 14:30:29,2025-08-15 14:30:29
25,Test Project 15,Test project 15,planning,,,2025-08-15 14:30:30,2025-08-15 14:30:30
26,Test Project 15,Test project 15,planning,,,2025-08-15 14:30:30,2025-08-15 14:30:30
27,Test Project 15,Test project 15,planning,,,2025-08-15 14:30:30,2025-08-15 14:30:30
28,Test Project 15,Test project 15,planning,,,2025-08-15 14:30:30,2025-08-15 14:30:30
29,Test Project 15,Test project 15,planning,,,2025-08-15 14:30:30,2025-08-15 14:30:30
30,Test Project 15,Test project 15,planning,,,2025-08-15 14:30:31,2025-08-15 14:30:31
31,Test project 31,Test project 31,planning,,,2025-08-15 14:33:37,2025-08-15 14:33:37
32,Test Project 32,Test Project 32,planning,,,2025-08-15 14:39:10,2025-08-15 14:39:10
33,Test Project 32,Test Project 32,planning,,,2025-08-15 14:44:24,2025-08-15 14:44:24
34,Test Project 34,Test project 34,planning,,,2025-08-15 15:06:38,2025-08-15 15:06:38
35,Test project ,This is a test project,planning,,,2025-08-15 15:47:39,2025-08-15 15:47:39
36,Test Project 51,Test project 51.,planning,,,2025-08-15 20:00:35,2025-08-15 20:00:35
37,Test Project 51,Test project 55,planning,,,2025-08-15 20:56:24,2025-08-15 20:56:24
38,Test Project 51,Test project 55,planning,,,2025-08-15 20:57:54,2025-08-15 20:57:54
39,Test Project 60,Test project,planning,,,2025-08-15 20:59:00,2025-08-15 20:59:00
40,Test 62,Test,planning,,,2025-08-15 21:01:15,2025-08-15 21:01:15
41,Test,Test,planning,,,2025-08-15 21:41:06,2025-08-15 21:41:06
42,Test Update,Test,planning,,,2025-08-15 21:53:32,2025-08-17 16:14:51
